ID,username,password_hash
1,user1,032447dd445972206d6852da0fdafd058b7b0d60821aec8d00b762f59de53708
2,user2,f79a2f9ca8e5fe8644dae7f6b9850ec8ac7c43c2e33988a4563878d220b58777
3,user3,d5f85c75378bbd5cba735a49f08b34761a32d7a1ae4edec2f321e36e25c44927
4,user4,51b53eadc6147fff94d1885d58ea45359cdfdeeb587f219f8c241fdf0db9d7f2
5,user5,7752d220832e0ce566885d9be3de46e7e162d34897f9fe4b2cfde546fde60536
6,user6,a695e93cf3051d6289736a9efdd7c580be79a078723f6f2d7382528fd5de47b2
7,user7,fd88c746bc01767452c79ac38d34da8a5b6cda82f231265bee072400c06e5fa9
8,user8,f16151dc96b212dcd9e57b226168f56ba9be6197ccc9bff4ddfedffa6ff27d23
9,user9,be935226e15a1c1eafbecf2d83a4da7e707ff23ccd240e8b46558a90ec6cd453
10,user10,873eb8dc5e6671d922c0d579aa1a85d062cadfa05e536502383da7c137692c84
11,user11,22e02ee37e57025ed4fdc9d01596148491654d6d39b54c0e5809014f968a3d67
12,user12,67d50de265c0109e9c7a59452ab1920886d03236ae41f667415296ed226acdb4
13,user13,86f472380c86b30fd7d4132f741d8a2d60f5f43899601992a77e0d5dd3659b9e
14,user14,2676304a7425a9649b84b9413eddc45eb7b37beae64dfc3f34c27303ed00ccc9
15,user15,81da6b95e5db377a9a3ed4db7ccd53d24e0d0793ea3ce6512376deb46d33a7e6
16,user16,ee0b0c38f5d8780a89abaf6aaef6705744e7c52bc567ebf5eb30832605ce1abb
17,user17,24b16b1f8c5e6fe31a7a7988f5cf6df746714a228945b084e0867c80f058807a
18,user18,26131e2e218873deab0889ef542fb7d564e207065e6fecbdbc5784a9f0b90c21
19,user19,db64553af72697042a340cfade52017cf8cd6b30005a69275403481af2add695
20,user20,e958096938258117d63e3f7b8f30efc477f12a7dc255b378d5a39994e8ac5e2e
21,user21,a7d411a3f51ea4f227f1123c108c0be59d458aec97d45ee19e30663fb5d9308b
22,user22,6d29fc81c7a02fe44d186e3b32b612075d999296b8809a7130e941fea7133fc0
23,user23,4b3bedec899eac210bfbac338bd8f40f9be1e5c9b816d3fef631bec87cf1614f
24,user24,bbf911c4a0ccd234a30999fb2fc40cc2008b543cd566fef05a8ddb44d108fa88
25,user25,a21a883d3131ff2fa523ddc4c660d9a029200553b39a5b0e95c781bd718bd735
26,user26,9d8c76f5b5321f1f4299a65caae20ddb79a5199e270da3ad3fd5f21e151f5cf4
27,user27,482f8e5c287430dbe47a5b4043ca3971aaee6a73d6eda51638104ad2c5277aa0
28,user28,12209f00d8888d06c376079baf2dd1908e3ac50f44f702f3c2ecea49840e4c89
29,user29,cc7ec2444ae649e4b9d30832f773ba86b03fafc8f01e663d8d6c94cc2b70c8ca
30,user30,52c6b9b42fe15c6bb244ef99e308b604086af71f855927304c8771e7e1633bb3
31,user31,21638ab98518f22c338a740e9a965bf3b39aa068332cce6fc561f4ba27f78c63
32,user32,b52433fc4099d01fe352dc16ce5a917ec972e04eb35c93add7e383615bf987ec
33,user33,aba1dbdda82e3d32cb73bb1f141a1a2ee1fd2af8dc97aee507558f33803fface
34,user34,14c8a1166534894d62c294b5fa77c6ec71c012b6f3a77ad98c6abf17461d2ea6
35,user35,e944bf2825a23a09fada702b51f6bf75ca156582c9a411839d90feae3369af30
36,user36,5cd50a61ed7cf7eaae337df945b6b67fd3160d1af48d150ef67ad0ad2a4514b3
37,user37,5fe2ecf42473877b3e6438c9bb56eb87ec33654cee97c58b509b03eaaa3bd7ac
38,user38,145b7cca8897435728671d1e4b8711b2647fac4a79d54fed743973e0c6338d7e
39,user39,df31f3273ad42efe634797cc40b4bb36ec6f256b7358ff32d7db8ba6765584e7
40,user40,deabf6ea0ff42022d227ae6aef7738eaac1987383ffbdeacffc2dc65f53085fc
41,user41,2d49bd3ec10247c55c33397f6979ff3fb8ad96ceae5b8629d171d31ca73eeec7
42,user42,8ec4ddd481592180ebecfb1b2d279c160f73c8144bb821da92dadb14e71282fe
43,user43,ea8c23e6bb7f0411a33785488f62ebf2e747299e1295ae6113af44dd2115e5a9
44,user44,6d1f32f13e6aadbdf148ee017e49adf09f9e44dfe5702ef05d7b9aeef982e3ff
45,user45,7375b494441c282dd57379b972e8e239b255bae8796381331b884ff9cb73174e
46,user46,cbc0634af09076e41852bac6699616257d3d6f71f0cd50f2f04cc5ecb77cd9e2
47,user47,dc6d71dba2f528c6652ec5b038f218ca820e276ce020dce67122e76f754e5fc0
48,user48,9b7312698d7333a028eff11ba140fff05cc36238b1df5e85a64e93e453a8e193
49,user49,ac2fce4fd20310d74ffcef2031246c9273283799e23a286cd45a4f5d7dc52ba9
50,user50,f282a19f0acbc9880f046e29a8f08b9318358877ec35c06b17a0adbafaf7790f
51,user51,65b691bf1ad930cc6e6fc5e9a3ab27f22d9c7c7252c9ca66a2abd2c63924c21c
52,user52,9a423f8e5485f99c4d06f8b24606e52ed8e88fda9a1016c80d8e9fe67992451a
53,user53,67951d2518b57ff1aca766c783620dcb44313850c7442e51c3ed7cd261746084
54,user54,953114fd4ec122c20a90badb90d2ad31d654d4493ff2297467452e635fd953b9
55,user55,99e844c9cc18744549549768815417ede43e782b34fb86473d22c47989d7e074
56,user56,7ff1911a6ae84b8b2048012efb3fb56ee586b41b74bbb4f21a3b5af66f882d11
57,user57,ebf17154a72d460a1b79919912c62cbd6ab896439d44bb56fa834f610fa4a2e6
58,user58,d5cd0c43288f817e0dfc56c382224ae09d5cee77d2c3cf3fe07c98370d8aa4ae
59,user59,782c8fd5a210c2015e3fffefd44f02827f7782061373658a65ee07de3d829453
60,user60,7241fe75a6943dea1df74e0da98d9ad35c99e82f8255d9258ec47193f434d95d
61,user61,5fde6b57583b65dbd69fdf4601d252d9d09bb8f02ada55b0a10d925fea9f279e
62,user62,2bf664bdc7942ea8a1d4a460753bef039adb2cec2e18a90a78894cf01639689f
63,user63,2594c200b8371d4c58f1375ac68b6a06c832ff3650e8ff70c490c95fc8aa6393
64,user64,d38cb7ad98ac5451ca5f66ac4267981c09a910f93d949273c946fe4e9987280d
65,user65,47e7901366600294efd7a9bf4e10b0af20e7e20394c5e66302fe63d6e3efc8b0
66,user66,4e2d433e84e54adaa5ff4c2f4752fe6813bdf5216171667dffb02d08201d234a
67,user67,61a5ad7d80153c981f8ff6360551a4740d7735e40b53265794da248ab0794949
68,user68,95c36e1661710ff5032196d6425fe443a777bf7e175c0db9fdabd865f69f5a21
69,user69,ab1102619c12f2711f5a9543d4b14104de035a81feeb9ccafa4a12d5adcbaa4c
70,user70,fd421652513a4b0dae80898a9c4676b488f04c6b4648a34f273bb8ff13c16bbb
71,user71,556b81f6b568e7d4e436101a6f911221ee6611b92d0a02b17032e7adb559102e
72,user72,fab9759605f34a686562ebc607801aec1ee30a27e146bdda508a4f92b31d1620
73,user73,38f03686789415fa6f3c36daa2a54dbaa8060c7c0a2968f063a478e85c367a43
74,user74,39f463059c866e08ad4640cab389f11b52c72dafff485ff56568245fc91176e0
75,user75,7f7140b05913994a57af445c8bef7c798da264f0e597855bbc8cd0bd8c045ccd
76,user76,9e3cea0ae23ba8fd8d3d5b4b39871e341a9182c2b09af694ea19a68552fcdcd8
77,user77,12a2257e0bc64803742200b091edf90b15a414df5a5ccc3feaff1bd3a96d56d9
78,user78,7126d9da8811a6c343d5d40ffbcf8bf078e6a8a3a7095cf4eefdb97a33df5abe
79,user79,d4e334ab0313ebab2b874858939da23c48ca02b41aa0abb4d257161b51c96672
80,user80,840af5e40d72473cd483f0d4bd97f35f701fecee44f715a346f39c1cd5c67343
81,user81,c9cd971cf155e923daa7032cfecc26acda81b67ed13a77b2e95c6281dd453d36
82,user82,5167dd5e063e9c0f0c7db8b9f80cfd7bcdb458b76ea4b721232f92cb6e192277
83,user83,b3f47f9fbc7129c183969ec60104983d03f9ee479783821f86781234216c1c59
84,user84,faa14035b7d61f6a232be84aa8e6148aa4196ba7ffe81bfce6ebccdbe11b7fd8
85,user85,6695f56dc1ebdcc0b2e3b8d2a1839fb3d5830522b5ecfe10d0c0191c4f126e1e
86,user86,2b14c7e00cd3174182e9c65a9bcc1cc81390a6beefae8477bb46a56a93d778cf
87,user87,4f8f6693dc4d8e362b52690b23f5594aab1baeb727696aeb217a94e222144a6e
88,user88,2d2c0f39aead85259da6356681b4a0b2a7a05ceb38e5f42936e2fa6f0d7fc37b
89,user89,d2f879cf4341930657ee86b4e000e4ab4f84483a196424aaf646c3b48a910c00
90,user90,22f199e50ed3055c890790c3476e765a33919e02beb8cec2b18cc088a775b4d5
91,user91,240d08d1118b88a5331f3569fcd13622268f5f85460ee12df37815be5829e621
92,user92,0f029e30096a52d245f14a461911a492eca0124a2a5df7a4ca0cb0eebf69aea0
93,user93,52cca0df1818863a6cb48f487b4886d166817a340561d009149c4a449fe5e1ff
94,user94,c35ec578132e70686b0bdbcdcfe1efe099f95a84850dd8cebd64d40f1bb1658a
95,user95,26778a0c5d7b2b144055e063e3f0bef5b986cc56c7b0435ca471433df60658f0
96,user96,1b9dbff9eb8703cd0e2cd09aa5110a97e8b63b4ac2cb486d0020d6a1a929cb23
97,user97,34bd4574da2325e85c7ffb088b342e7335d89142d620976ebfeac9908c3f1648
98,user98,7c228f1e200a835f0cc5971df22f480636920b52bcf9cb003b47265fc81c795a
99,user99,871240c7aae567293e32ec1587d774736f360747403a37d0fc882f1b79921668
100,user100,032ae111e22ec3428005c91159bfacabcafc1acaed226b5ed330339628af07c6
